<?xml version="1.0" encoding="UTF-8"?><wsil:testLog xmlns:wsil="http://www.ws-i.org/testing/2008/02/log/" xmlns:xsd="http://www.w3.org/2001/XMLSchema" xmlns:xsi="http://www.w3.org/2001/XMLSchema-instance" xmlns:wsdl="http://schemas.xmlsoap.org/wsdl/">
  <messageLog xmlns="http://www.ws-i.org/testing/2008/02/log/">
    <message conversation="1d88a324-8aa9-4a79-ba52-d580e09edf39" id="ee2b8467-3ff6-4cd7-845a-70fd2dd4fe45" type="request">
      <httpHeaders>
        <requestLine>POST http://localhost:9080/soap12/service/BaseDataTypesDocLitWService HTTP/1.1</requestLine>
        <httpHeader key="Host" quoted="false" value="localhost:9080"/>
        <httpHeader key="Accept" quoted="false" value="application/soap+xml,multipart/related,text/*"/>
        <httpHeader key="User-Agent" quoted="false" value="IBM WebServices/1.0"/>
        <httpHeader key="Cache-Control" quoted="false" value="no-cache"/>
        <httpHeader key="Pragma" quoted="false" value="no-cache"/>
        <httpHeader key="SOAPAction" quoted="true" value="http://tempuri.org/IBaseDataTypesDocLitW/RetBool"/>
        <httpHeader key="Connection" quoted="false" value="Keep-Alive"/>
        <httpHeader key="SAVECONNECTION" quoted="false" value="9272174761236207951000"/>
        <contentTypeHeader subtype="soap+xml" type="application">
          <parameter key="charset" quoted="false" value="UTF-8"/>
          <parameter key="action" quoted="true" value="http://tempuri.org/IBaseDataTypesDocLitW/RetBool"/>
        </contentTypeHeader>
        <httpHeader key="Content-Length" quoted="false" value="252"/>
        <httpHeader key="Date" quoted="false" value="Wed, 04 Mar 2009 23:05:50 GMT"/>
        <httpHeader key="Via" quoted="false" value="1.1 RobT60.austin.ibm.com:9080"/>
      </httpHeaders>
      <messageContents containsDTD="false" containsProcessingInstructions="false" encoding="UTF-8" validXml="true" xmlVersion="1.0">
        <soapenv:Envelope xmlns:soapenv="http://www.w3.org/2003/05/soap-envelope">
          <soapenv:Body>
            <RetBool xmlns="http://tempuri.org/" xmlns:ns2="http://schemas.example.com/2003/10/Serialization/">
              <inBool>true</inBool>
            </RetBool>
          </soapenv:Body>
        </soapenv:Envelope>
      </messageContents>
    </message>
    <message conversation="1d88a324-8aa9-4a79-ba52-d580e09edf39" id="82fe3825-2d5a-4380-b7b2-0910856c317a" type="response">
      <httpHeaders>
        <contentTypeHeader subtype="soap+xml" type="application">
          <parameter key="charset" quoted="false" value="UTF-8"/>
          <parameter key="action" quoted="true" value="http://tempuri.org/IBaseDataTypesDocLitW/RetBoolResponse"/>
        </contentTypeHeader>
        <httpHeader key="Content-Language" quoted="false" value="en-US"/>
        <httpHeader key="Content-Length" quoted="false" value="320"/>
        <httpHeader key="Via" quoted="false" value="1.1 RobT60.austin.ibm.com:9080"/>
        <httpHeader key="Keep-Alive" quoted="false" value="timeout=5, max=100"/>
        <httpHeader key="Connection" quoted="false" value="Keep-Alive"/>
      </httpHeaders>
      <messageContents containsDTD="false" containsProcessingInstructions="false" encoding="UTF-8" validXml="true" xmlVersion="1.0">
        <soapenv:Envelope xmlns:soapenv="http://www.w3.org/2003/05/soap-envelope">
          <soapenv:Body>
            <RetBoolResponse xmlns="http://tempuri.org/" xmlns:ns2="http://schemas.example.com/2003/10/Serialization/">
              <RetBoolResult>true</RetBoolResult>
            </RetBoolResponse>
          </soapenv:Body>
        </soapenv:Envelope>
      </messageContents>
    </message>
  </messageLog>
  <wsil:descriptionFiles>
    <wsil:descriptionFile xmlVersion="1.0" validXml="true" filename="sample\BaseDataTypesDocLitW.wsdl">
      <wsdl:definitions xmlns:soap12="http://schemas.xmlsoap.org/wsdl/soap12/" xmlns:soapenc="http://schemas.xmlsoap.org/soap/encoding/" xmlns:tns="http://tempuri.org/" xmlns:wsa="http://schemas.xmlsoap.org/ws/2004/08/addressing" xmlns:wsa10="http://www.w3.org/2005/08/addressing" xmlns:wsam="http://www.w3.org/2007/05/addressing/metadata" xmlns:wsap="http://schemas.xmlsoap.org/ws/2004/08/addressing/policy" xmlns:wsaw="http://www.w3.org/2006/05/addressing/wsdl" xmlns:wsp="http://schemas.xmlsoap.org/ws/2004/09/policy" xmlns:wsu="http://docs.oasis-open.org/wss/2004/01/oasis-200401-wss-wssecurity-utility-1.0.xsd" xmlns:wsx="http://schemas.xmlsoap.org/ws/2004/09/mex" name="BaseDataTypesDocLitWService" targetNamespace="http://tempuri.org/">
        <wsdl:types>
          <xsd:schema targetNamespace="http://tempuri.org/Imports">
            <xsd:import namespace="http://tempuri.org/" schemaLocation="BaseDataTypesDocLitW2.xsd"/>
          </xsd:schema>
        </wsdl:types>
        <wsp:Policy wsu:Id="CustomBinding_IBaseDataTypesDocLitW_policy">
          <wsp:ExactlyOne>
            <wsp:All>
              <wsaw:UsingAddressing/>
            </wsp:All>
          </wsp:ExactlyOne>
        </wsp:Policy>
        <wsdl:message name="IBaseDataTypesDocLitW_RetBool_InputMessage">
          <wsdl:part element="tns:RetBool" name="parameters"/>
        </wsdl:message>
        <wsdl:message name="IBaseDataTypesDocLitW_RetBool_OutputMessage">
          <wsdl:part element="tns:RetBoolResponse" name="parameters"/>
        </wsdl:message>
        <wsdl:message name="IBaseDataTypesDocLitW_RetByte_InputMessage">
          <wsdl:part element="tns:RetByte" name="parameters"/>
        </wsdl:message>
        <wsdl:message name="IBaseDataTypesDocLitW_RetByte_OutputMessage">
          <wsdl:part element="tns:RetByteResponse" name="parameters"/>
        </wsdl:message>
        <wsdl:message name="IBaseDataTypesDocLitW_RetSByte_InputMessage">
          <wsdl:part element="tns:RetSByte" name="parameters"/>
        </wsdl:message>
        <wsdl:message name="IBaseDataTypesDocLitW_RetSByte_OutputMessage">
          <wsdl:part element="tns:RetSByteResponse" name="parameters"/>
        </wsdl:message>
        <wsdl:message name="IBaseDataTypesDocLitW_RetByteArray_InputMessage">
          <wsdl:part element="tns:RetByteArray" name="parameters"/>
        </wsdl:message>
        <wsdl:message name="IBaseDataTypesDocLitW_RetByteArray_OutputMessage">
          <wsdl:part element="tns:RetByteArrayResponse" name="parameters"/>
        </wsdl:message>
        <wsdl:message name="IBaseDataTypesDocLitW_RetDecimal_InputMessage">
          <wsdl:part element="tns:RetDecimal" name="parameters"/>
        </wsdl:message>
        <wsdl:message name="IBaseDataTypesDocLitW_RetDecimal_OutputMessage">
          <wsdl:part element="tns:RetDecimalResponse" name="parameters"/>
        </wsdl:message>
        <wsdl:message name="IBaseDataTypesDocLitW_RetFloat_InputMessage">
          <wsdl:part element="tns:RetFloat" name="parameters"/>
        </wsdl:message>
        <wsdl:message name="IBaseDataTypesDocLitW_RetFloat_OutputMessage">
          <wsdl:part element="tns:RetFloatResponse" name="parameters"/>
        </wsdl:message>
        <wsdl:message name="IBaseDataTypesDocLitW_RetDouble_InputMessage">
          <wsdl:part element="tns:RetDouble" name="parameters"/>
        </wsdl:message>
        <wsdl:message name="IBaseDataTypesDocLitW_RetDouble_OutputMessage">
          <wsdl:part element="tns:RetDoubleResponse" name="parameters"/>
        </wsdl:message>
        <wsdl:message name="IBaseDataTypesDocLitW_RetSingle_InputMessage">
          <wsdl:part element="tns:RetSingle" name="parameters"/>
        </wsdl:message>
        <wsdl:message name="IBaseDataTypesDocLitW_RetSingle_OutputMessage">
          <wsdl:part element="tns:RetSingleResponse" name="parameters"/>
        </wsdl:message>
        <wsdl:message name="IBaseDataTypesDocLitW_RetInt_InputMessage">
          <wsdl:part element="tns:RetInt" name="parameters"/>
        </wsdl:message>
        <wsdl:message name="IBaseDataTypesDocLitW_RetInt_OutputMessage">
          <wsdl:part element="tns:RetIntResponse" name="parameters"/>
        </wsdl:message>
        <wsdl:message name="IBaseDataTypesDocLitW_RetShort_InputMessage">
          <wsdl:part element="tns:RetShort" name="parameters"/>
        </wsdl:message>
        <wsdl:message name="IBaseDataTypesDocLitW_RetShort_OutputMessage">
          <wsdl:part element="tns:RetShortResponse" name="parameters"/>
        </wsdl:message>
        <wsdl:message name="IBaseDataTypesDocLitW_RetLong_InputMessage">
          <wsdl:part element="tns:RetLong" name="parameters"/>
        </wsdl:message>
        <wsdl:message name="IBaseDataTypesDocLitW_RetLong_OutputMessage">
          <wsdl:part element="tns:RetLongResponse" name="parameters"/>
        </wsdl:message>
        <wsdl:message name="IBaseDataTypesDocLitW_RetObject_InputMessage">
          <wsdl:part element="tns:RetObject" name="parameters"/>
        </wsdl:message>
        <wsdl:message name="IBaseDataTypesDocLitW_RetObject_OutputMessage">
          <wsdl:part element="tns:RetObjectResponse" name="parameters"/>
        </wsdl:message>
        <wsdl:message name="IBaseDataTypesDocLitW_RetUInt_InputMessage">
          <wsdl:part element="tns:RetUInt" name="parameters"/>
        </wsdl:message>
        <wsdl:message name="IBaseDataTypesDocLitW_RetUInt_OutputMessage">
          <wsdl:part element="tns:RetUIntResponse" name="parameters"/>
        </wsdl:message>
        <wsdl:message name="IBaseDataTypesDocLitW_RetUShort_InputMessage">
          <wsdl:part element="tns:RetUShort" name="parameters"/>
        </wsdl:message>
        <wsdl:message name="IBaseDataTypesDocLitW_RetUShort_OutputMessage">
          <wsdl:part element="tns:RetUShortResponse" name="parameters"/>
        </wsdl:message>
        <wsdl:message name="IBaseDataTypesDocLitW_RetULong_InputMessage">
          <wsdl:part element="tns:RetULong" name="parameters"/>
        </wsdl:message>
        <wsdl:message name="IBaseDataTypesDocLitW_RetULong_OutputMessage">
          <wsdl:part element="tns:RetULongResponse" name="parameters"/>
        </wsdl:message>
        <wsdl:message name="IBaseDataTypesDocLitW_RetString_InputMessage">
          <wsdl:part element="tns:RetString" name="parameters"/>
        </wsdl:message>
        <wsdl:message name="IBaseDataTypesDocLitW_RetString_OutputMessage">
          <wsdl:part element="tns:RetStringResponse" name="parameters"/>
        </wsdl:message>
        <wsdl:message name="IBaseDataTypesDocLitW_RetUri_InputMessage">
          <wsdl:part element="tns:RetUri" name="parameters"/>
        </wsdl:message>
        <wsdl:message name="IBaseDataTypesDocLitW_RetUri_OutputMessage">
          <wsdl:part element="tns:RetUriResponse" name="parameters"/>
        </wsdl:message>
        <wsdl:message name="IBaseDataTypesDocLitW_RetDateTime_InputMessage">
          <wsdl:part element="tns:RetDateTime" name="parameters"/>
        </wsdl:message>
        <wsdl:message name="IBaseDataTypesDocLitW_RetDateTime_OutputMessage">
          <wsdl:part element="tns:RetDateTimeResponse" name="parameters"/>
        </wsdl:message>
        <wsdl:message name="IBaseDataTypesDocLitW_RetTimeSpan_InputMessage">
          <wsdl:part element="tns:RetTimeSpan" name="parameters"/>
        </wsdl:message>
        <wsdl:message name="IBaseDataTypesDocLitW_RetTimeSpan_OutputMessage">
          <wsdl:part element="tns:RetTimeSpanResponse" name="parameters"/>
        </wsdl:message>
        <wsdl:message name="IBaseDataTypesDocLitW_RetQName_InputMessage">
          <wsdl:part element="tns:RetQName" name="parameters"/>
        </wsdl:message>
        <wsdl:message name="IBaseDataTypesDocLitW_RetQName_OutputMessage">
          <wsdl:part element="tns:RetQNameResponse" name="parameters"/>
        </wsdl:message>
        <wsdl:portType name="IBaseDataTypesDocLitW">
          <wsdl:operation name="RetBool">
            <wsdl:input message="tns:IBaseDataTypesDocLitW_RetBool_InputMessage" wsaw:Action="http://tempuri.org/IBaseDataTypesDocLitW/RetBool"/>
            <wsdl:output message="tns:IBaseDataTypesDocLitW_RetBool_OutputMessage" wsaw:Action="http://tempuri.org/IBaseDataTypesDocLitW/RetBoolResponse"/>
          </wsdl:operation>
          <wsdl:operation name="RetByte">
            <wsdl:input message="tns:IBaseDataTypesDocLitW_RetByte_InputMessage" wsaw:Action="http://tempuri.org/IBaseDataTypesDocLitW/RetByte"/>
            <wsdl:output message="tns:IBaseDataTypesDocLitW_RetByte_OutputMessage" wsaw:Action="http://tempuri.org/IBaseDataTypesDocLitW/RetByteResponse"/>
          </wsdl:operation>
          <wsdl:operation name="RetSByte">
            <wsdl:input message="tns:IBaseDataTypesDocLitW_RetSByte_InputMessage" wsaw:Action="http://tempuri.org/IBaseDataTypesDocLitW/RetSByte"/>
            <wsdl:output message="tns:IBaseDataTypesDocLitW_RetSByte_OutputMessage" wsaw:Action="http://tempuri.org/IBaseDataTypesDocLitW/RetSByteResponse"/>
          </wsdl:operation>
          <wsdl:operation name="RetByteArray">
            <wsdl:input message="tns:IBaseDataTypesDocLitW_RetByteArray_InputMessage" wsaw:Action="http://tempuri.org/IBaseDataTypesDocLitW/RetByteArray"/>
            <wsdl:output message="tns:IBaseDataTypesDocLitW_RetByteArray_OutputMessage" wsaw:Action="http://tempuri.org/IBaseDataTypesDocLitW/RetByteArrayResponse"/>
          </wsdl:operation>
          <wsdl:operation name="RetDecimal">
            <wsdl:input message="tns:IBaseDataTypesDocLitW_RetDecimal_InputMessage" wsaw:Action="http://tempuri.org/IBaseDataTypesDocLitW/RetDecimal"/>
            <wsdl:output message="tns:IBaseDataTypesDocLitW_RetDecimal_OutputMessage" wsaw:Action="http://tempuri.org/IBaseDataTypesDocLitW/RetDecimalResponse"/>
          </wsdl:operation>
          <wsdl:operation name="RetFloat">
            <wsdl:input message="tns:IBaseDataTypesDocLitW_RetFloat_InputMessage" wsaw:Action="http://tempuri.org/IBaseDataTypesDocLitW/RetFloat"/>
            <wsdl:output message="tns:IBaseDataTypesDocLitW_RetFloat_OutputMessage" wsaw:Action="http://tempuri.org/IBaseDataTypesDocLitW/RetFloatResponse"/>
          </wsdl:operation>
          <wsdl:operation name="RetDouble">
            <wsdl:input message="tns:IBaseDataTypesDocLitW_RetDouble_InputMessage" wsaw:Action="http://tempuri.org/IBaseDataTypesDocLitW/RetDouble"/>
            <wsdl:output message="tns:IBaseDataTypesDocLitW_RetDouble_OutputMessage" wsaw:Action="http://tempuri.org/IBaseDataTypesDocLitW/RetDoubleResponse"/>
          </wsdl:operation>
          <wsdl:operation name="RetSingle">
            <wsdl:input message="tns:IBaseDataTypesDocLitW_RetSingle_InputMessage" wsaw:Action="http://tempuri.org/IBaseDataTypesDocLitW/RetSingle"/>
            <wsdl:output message="tns:IBaseDataTypesDocLitW_RetSingle_OutputMessage" wsaw:Action="http://tempuri.org/IBaseDataTypesDocLitW/RetSingleResponse"/>
          </wsdl:operation>
          <wsdl:operation name="RetInt">
            <wsdl:input message="tns:IBaseDataTypesDocLitW_RetInt_InputMessage" wsaw:Action="http://tempuri.org/IBaseDataTypesDocLitW/RetInt"/>
            <wsdl:output message="tns:IBaseDataTypesDocLitW_RetInt_OutputMessage" wsaw:Action="http://tempuri.org/IBaseDataTypesDocLitW/RetIntResponse"/>
          </wsdl:operation>
          <wsdl:operation name="RetShort">
            <wsdl:input message="tns:IBaseDataTypesDocLitW_RetShort_InputMessage" wsaw:Action="http://tempuri.org/IBaseDataTypesDocLitW/RetShort"/>
            <wsdl:output message="tns:IBaseDataTypesDocLitW_RetShort_OutputMessage" wsaw:Action="http://tempuri.org/IBaseDataTypesDocLitW/RetShortResponse"/>
          </wsdl:operation>
          <wsdl:operation name="RetLong">
            <wsdl:input message="tns:IBaseDataTypesDocLitW_RetLong_InputMessage" wsaw:Action="http://tempuri.org/IBaseDataTypesDocLitW/RetLong"/>
            <wsdl:output message="tns:IBaseDataTypesDocLitW_RetLong_OutputMessage" wsaw:Action="http://tempuri.org/IBaseDataTypesDocLitW/RetLongResponse"/>
          </wsdl:operation>
          <wsdl:operation name="RetObject">
            <wsdl:input message="tns:IBaseDataTypesDocLitW_RetObject_InputMessage" wsaw:Action="http://tempuri.org/IBaseDataTypesDocLitW/RetObject"/>
            <wsdl:output message="tns:IBaseDataTypesDocLitW_RetObject_OutputMessage" wsaw:Action="http://tempuri.org/IBaseDataTypesDocLitW/RetObjectResponse"/>
          </wsdl:operation>
          <wsdl:operation name="RetUInt">
            <wsdl:input message="tns:IBaseDataTypesDocLitW_RetUInt_InputMessage" wsaw:Action="http://tempuri.org/IBaseDataTypesDocLitW/RetUInt"/>
            <wsdl:output message="tns:IBaseDataTypesDocLitW_RetUInt_OutputMessage" wsaw:Action="http://tempuri.org/IBaseDataTypesDocLitW/RetUIntResponse"/>
          </wsdl:operation>
          <wsdl:operation name="RetUShort">
            <wsdl:input message="tns:IBaseDataTypesDocLitW_RetUShort_InputMessage" wsaw:Action="http://tempuri.org/IBaseDataTypesDocLitW/RetUShort"/>
            <wsdl:output message="tns:IBaseDataTypesDocLitW_RetUShort_OutputMessage" wsaw:Action="http://tempuri.org/IBaseDataTypesDocLitW/RetUShortResponse"/>
          </wsdl:operation>
          <wsdl:operation name="RetULong">
            <wsdl:input message="tns:IBaseDataTypesDocLitW_RetULong_InputMessage" wsaw:Action="http://tempuri.org/IBaseDataTypesDocLitW/RetULong"/>
            <wsdl:output message="tns:IBaseDataTypesDocLitW_RetULong_OutputMessage" wsaw:Action="http://tempuri.org/IBaseDataTypesDocLitW/RetULongResponse"/>
          </wsdl:operation>
          <wsdl:operation name="RetString">
            <wsdl:input message="tns:IBaseDataTypesDocLitW_RetString_InputMessage" wsaw:Action="http://tempuri.org/IBaseDataTypesDocLitW/RetString"/>
            <wsdl:output message="tns:IBaseDataTypesDocLitW_RetString_OutputMessage" wsaw:Action="http://tempuri.org/IBaseDataTypesDocLitW/RetStringResponse"/>
          </wsdl:operation>
          <wsdl:operation name="RetUri">
            <wsdl:input message="tns:IBaseDataTypesDocLitW_RetUri_InputMessage" wsaw:Action="http://tempuri.org/IBaseDataTypesDocLitW/RetUri"/>
            <wsdl:output message="tns:IBaseDataTypesDocLitW_RetUri_OutputMessage" wsaw:Action="http://tempuri.org/IBaseDataTypesDocLitW/RetUriResponse"/>
          </wsdl:operation>
          <wsdl:operation name="RetDateTime">
            <wsdl:input message="tns:IBaseDataTypesDocLitW_RetDateTime_InputMessage" wsaw:Action="http://tempuri.org/IBaseDataTypesDocLitW/RetDateTime"/>
            <wsdl:output message="tns:IBaseDataTypesDocLitW_RetDateTime_OutputMessage" wsaw:Action="http://tempuri.org/IBaseDataTypesDocLitW/RetDateTimeResponse"/>
          </wsdl:operation>
          <wsdl:operation name="RetTimeSpan">
            <wsdl:input message="tns:IBaseDataTypesDocLitW_RetTimeSpan_InputMessage" wsaw:Action="http://tempuri.org/IBaseDataTypesDocLitW/RetTimeSpan"/>
            <wsdl:output message="tns:IBaseDataTypesDocLitW_RetTimeSpan_OutputMessage" wsaw:Action="http://tempuri.org/IBaseDataTypesDocLitW/RetTimeSpanResponse"/>
          </wsdl:operation>
          <wsdl:operation name="RetQName">
            <wsdl:input message="tns:IBaseDataTypesDocLitW_RetQName_InputMessage" wsaw:Action="http://tempuri.org/IBaseDataTypesDocLitW/RetQName"/>
            <wsdl:output message="tns:IBaseDataTypesDocLitW_RetQName_OutputMessage" wsaw:Action="http://tempuri.org/IBaseDataTypesDocLitW/RetQNameResponse"/>
          </wsdl:operation>
        </wsdl:portType>
        <wsdl:binding name="CustomBinding_IBaseDataTypesDocLitW" type="tns:IBaseDataTypesDocLitW">
          <wsp:PolicyReference URI="#CustomBinding_IBaseDataTypesDocLitW_policy"/>
          <soap12:binding transport="http://schemas.xmlsoap.org/soap/http"/>
          <wsdl:operation name="RetBool">
            <soap12:operation soapAction="http://tempuri.org/IBaseDataTypesDocLitW/RetBool" style="document"/>
            <wsdl:input>
              <soap12:body use="literal"/>
            </wsdl:input>
            <wsdl:output>
              <soap12:body use="literal"/>
            </wsdl:output>
          </wsdl:operation>
          <wsdl:operation name="RetByte">
            <soap12:operation soapAction="http://tempuri.org/IBaseDataTypesDocLitW/RetByte" style="document"/>
            <wsdl:input>
              <soap12:body use="literal"/>
            </wsdl:input>
            <wsdl:output>
              <soap12:body use="literal"/>
            </wsdl:output>
          </wsdl:operation>
          <wsdl:operation name="RetSByte">
            <soap12:operation soapAction="http://tempuri.org/IBaseDataTypesDocLitW/RetSByte" style="document"/>
            <wsdl:input>
              <soap12:body use="literal"/>
            </wsdl:input>
            <wsdl:output>
              <soap12:body use="literal"/>
            </wsdl:output>
          </wsdl:operation>
          <wsdl:operation name="RetByteArray">
            <soap12:operation soapAction="http://tempuri.org/IBaseDataTypesDocLitW/RetByteArray" style="document"/>
            <wsdl:input>
              <soap12:body use="literal"/>
            </wsdl:input>
            <wsdl:output>
              <soap12:body use="literal"/>
            </wsdl:output>
          </wsdl:operation>
          <wsdl:operation name="RetDecimal">
            <soap12:operation soapAction="http://tempuri.org/IBaseDataTypesDocLitW/RetDecimal" style="document"/>
            <wsdl:input>
              <soap12:body use="literal"/>
            </wsdl:input>
            <wsdl:output>
              <soap12:body use="literal"/>
            </wsdl:output>
          </wsdl:operation>
          <wsdl:operation name="RetFloat">
            <soap12:operation soapAction="http://tempuri.org/IBaseDataTypesDocLitW/RetFloat" style="document"/>
            <wsdl:input>
              <soap12:body use="literal"/>
            </wsdl:input>
            <wsdl:output>
              <soap12:body use="literal"/>
            </wsdl:output>
          </wsdl:operation>
          <wsdl:operation name="RetDouble">
            <soap12:operation soapAction="http://tempuri.org/IBaseDataTypesDocLitW/RetDouble" style="document"/>
            <wsdl:input>
              <soap12:body use="literal"/>
            </wsdl:input>
            <wsdl:output>
              <soap12:body use="literal"/>
            </wsdl:output>
          </wsdl:operation>
          <wsdl:operation name="RetSingle">
            <soap12:operation soapAction="http://tempuri.org/IBaseDataTypesDocLitW/RetSingle" style="document"/>
            <wsdl:input>
              <soap12:body use="literal"/>
            </wsdl:input>
            <wsdl:output>
              <soap12:body use="literal"/>
            </wsdl:output>
          </wsdl:operation>
          <wsdl:operation name="RetInt">
            <soap12:operation soapAction="http://tempuri.org/IBaseDataTypesDocLitW/RetInt" style="document"/>
            <wsdl:input>
              <soap12:body use="literal"/>
            </wsdl:input>
            <wsdl:output>
              <soap12:body use="literal"/>
            </wsdl:output>
          </wsdl:operation>
          <wsdl:operation name="RetShort">
            <soap12:operation soapAction="http://tempuri.org/IBaseDataTypesDocLitW/RetShort" style="document"/>
            <wsdl:input>
              <soap12:body use="literal"/>
            </wsdl:input>
            <wsdl:output>
              <soap12:body use="literal"/>
            </wsdl:output>
          </wsdl:operation>
          <wsdl:operation name="RetLong">
            <soap12:operation soapAction="http://tempuri.org/IBaseDataTypesDocLitW/RetLong" style="document"/>
            <wsdl:input>
              <soap12:body use="literal"/>
            </wsdl:input>
            <wsdl:output>
              <soap12:body use="literal"/>
            </wsdl:output>
          </wsdl:operation>
          <wsdl:operation name="RetObject">
            <soap12:operation soapAction="http://tempuri.org/IBaseDataTypesDocLitW/RetObject" style="document"/>
            <wsdl:input>
              <soap12:body use="literal"/>
            </wsdl:input>
            <wsdl:output>
              <soap12:body use="literal"/>
            </wsdl:output>
          </wsdl:operation>
          <wsdl:operation name="RetUInt">
            <soap12:operation soapAction="http://tempuri.org/IBaseDataTypesDocLitW/RetUInt" style="document"/>
            <wsdl:input>
              <soap12:body use="literal"/>
            </wsdl:input>
            <wsdl:output>
              <soap12:body use="literal"/>
            </wsdl:output>
          </wsdl:operation>
          <wsdl:operation name="RetUShort">
            <soap12:operation soapAction="http://tempuri.org/IBaseDataTypesDocLitW/RetUShort" style="document"/>
            <wsdl:input>
              <soap12:body use="literal"/>
            </wsdl:input>
            <wsdl:output>
              <soap12:body use="literal"/>
            </wsdl:output>
          </wsdl:operation>
          <wsdl:operation name="RetULong">
            <soap12:operation soapAction="http://tempuri.org/IBaseDataTypesDocLitW/RetULong" style="document"/>
            <wsdl:input>
              <soap12:body use="literal"/>
            </wsdl:input>
            <wsdl:output>
              <soap12:body use="literal"/>
            </wsdl:output>
          </wsdl:operation>
          <wsdl:operation name="RetString">
            <soap12:operation soapAction="http://tempuri.org/IBaseDataTypesDocLitW/RetString" style="document"/>
            <wsdl:input>
              <soap12:body use="literal"/>
            </wsdl:input>
            <wsdl:output>
              <soap12:body use="literal"/>
            </wsdl:output>
          </wsdl:operation>
          <wsdl:operation name="RetUri">
            <soap12:operation soapAction="http://tempuri.org/IBaseDataTypesDocLitW/RetUri" style="document"/>
            <wsdl:input>
              <soap12:body use="literal"/>
            </wsdl:input>
            <wsdl:output>
              <soap12:body use="literal"/>
            </wsdl:output>
          </wsdl:operation>
          <wsdl:operation name="RetDateTime">
            <soap12:operation soapAction="http://tempuri.org/IBaseDataTypesDocLitW/RetDateTime" style="document"/>
            <wsdl:input>
              <soap12:body use="literal"/>
            </wsdl:input>
            <wsdl:output>
              <soap12:body use="literal"/>
            </wsdl:output>
          </wsdl:operation>
          <wsdl:operation name="RetTimeSpan">
            <soap12:operation soapAction="http://tempuri.org/IBaseDataTypesDocLitW/RetTimeSpan" style="document"/>
            <wsdl:input>
              <soap12:body use="literal"/>
            </wsdl:input>
            <wsdl:output>
              <soap12:body use="literal"/>
            </wsdl:output>
          </wsdl:operation>
          <wsdl:operation name="RetQName">
            <soap12:operation soapAction="http://tempuri.org/IBaseDataTypesDocLitW/RetQName" style="document"/>
            <wsdl:input>
              <soap12:body use="literal"/>
            </wsdl:input>
            <wsdl:output>
              <soap12:body use="literal"/>
            </wsdl:output>
          </wsdl:operation>
        </wsdl:binding>
        <wsdl:service name="BaseDataTypesDocLitWService">
          <wsdl:port binding="tns:CustomBinding_IBaseDataTypesDocLitW" name="CustomBinding_IBaseDataTypesDocLitW">
            <soap12:address location="http://localhost:9080/soap12/service/BaseDataTypesDocLitW"/>
            <wsa10:EndpointReference>
              <wsa10:Address>http://localhost:9080/soap12/service/BaseDataTypesDocLitW</wsa10:Address>
            </wsa10:EndpointReference>
          </wsdl:port>
        </wsdl:service>
      </wsdl:definitions>
    </wsil:descriptionFile>
    <wsil:descriptionFile xmlVersion="1.0" validXml="true" filename="BaseDataTypesDocLitW2.xsd">
      <xs:schema xmlns:xs="http://www.w3.org/2001/XMLSchema" xmlns:tns="http://tempuri.org/" elementFormDefault="qualified" targetNamespace="http://tempuri.org/">
        <xs:import schemaLocation="BaseDataTypesDocLitW0.xsd" namespace="http://schemas.example.com/2003/10/Serialization/"/>
        <xs:element name="RetBool">
          <xs:complexType>
            <xs:sequence>
              <xs:element minOccurs="0" name="inBool" type="xs:boolean"/>
            </xs:sequence>
          </xs:complexType>
        </xs:element>
        <xs:element name="RetBoolResponse">
          <xs:complexType>
            <xs:sequence>
              <xs:element minOccurs="0" name="RetBoolResult" type="xs:boolean"/>
            </xs:sequence>
          </xs:complexType>
        </xs:element>
        <xs:element name="RetByte">
          <xs:complexType>
            <xs:sequence>
              <xs:element minOccurs="0" name="inByte" type="xs:unsignedByte"/>
            </xs:sequence>
          </xs:complexType>
        </xs:element>
        <xs:element name="RetByteResponse">
          <xs:complexType>
            <xs:sequence>
              <xs:element minOccurs="0" name="RetByteResult" type="xs:unsignedByte"/>
            </xs:sequence>
          </xs:complexType>
        </xs:element>
        <xs:element name="RetSByte">
          <xs:complexType>
            <xs:sequence>
              <xs:element minOccurs="0" name="inSByte" type="xs:byte"/>
            </xs:sequence>
          </xs:complexType>
        </xs:element>
        <xs:element name="RetSByteResponse">
          <xs:complexType>
            <xs:sequence>
              <xs:element minOccurs="0" name="RetSByteResult" type="xs:byte"/>
            </xs:sequence>
          </xs:complexType>
        </xs:element>
        <xs:element name="RetByteArray">
          <xs:complexType>
            <xs:sequence>
              <xs:element minOccurs="0" name="inByteArray" nillable="true" type="xs:base64Binary"/>
            </xs:sequence>
          </xs:complexType>
        </xs:element>
        <xs:element name="RetByteArrayResponse">
          <xs:complexType>
            <xs:sequence>
              <xs:element minOccurs="0" name="RetByteArrayResult" nillable="true" type="xs:base64Binary"/>
            </xs:sequence>
          </xs:complexType>
        </xs:element>
        <xs:element name="RetDecimal">
          <xs:complexType>
            <xs:sequence>
              <xs:element minOccurs="0" name="inDecimal" type="xs:decimal"/>
            </xs:sequence>
          </xs:complexType>
        </xs:element>
        <xs:element name="RetDecimalResponse">
          <xs:complexType>
            <xs:sequence>
              <xs:element minOccurs="0" name="RetDecimalResult" type="xs:decimal"/>
            </xs:sequence>
          </xs:complexType>
        </xs:element>
        <xs:element name="RetFloat">
          <xs:complexType>
            <xs:sequence>
              <xs:element minOccurs="0" name="inFloat" type="xs:float"/>
            </xs:sequence>
          </xs:complexType>
        </xs:element>
        <xs:element name="RetFloatResponse">
          <xs:complexType>
            <xs:sequence>
              <xs:element minOccurs="0" name="RetFloatResult" type="xs:float"/>
            </xs:sequence>
          </xs:complexType>
        </xs:element>
        <xs:element name="RetDouble">
          <xs:complexType>
            <xs:sequence>
              <xs:element minOccurs="0" name="inDouble" type="xs:double"/>
            </xs:sequence>
          </xs:complexType>
        </xs:element>
        <xs:element name="RetDoubleResponse">
          <xs:complexType>
            <xs:sequence>
              <xs:element minOccurs="0" name="RetDoubleResult" type="xs:double"/>
            </xs:sequence>
          </xs:complexType>
        </xs:element>
        <xs:element name="RetSingle">
          <xs:complexType>
            <xs:sequence>
              <xs:element minOccurs="0" name="inSingle" type="xs:float"/>
            </xs:sequence>
          </xs:complexType>
        </xs:element>
        <xs:element name="RetSingleResponse">
          <xs:complexType>
            <xs:sequence>
              <xs:element minOccurs="0" name="RetSingleResult" type="xs:float"/>
            </xs:sequence>
          </xs:complexType>
        </xs:element>
        <xs:element name="RetInt">
          <xs:complexType>
            <xs:sequence>
              <xs:element minOccurs="0" name="inInt" type="xs:int"/>
            </xs:sequence>
          </xs:complexType>
        </xs:element>
        <xs:element name="RetIntResponse">
          <xs:complexType>
            <xs:sequence>
              <xs:element minOccurs="0" name="RetIntResult" type="xs:int"/>
            </xs:sequence>
          </xs:complexType>
        </xs:element>
        <xs:element name="RetShort">
          <xs:complexType>
            <xs:sequence>
              <xs:element minOccurs="0" name="inShort" type="xs:short"/>
            </xs:sequence>
          </xs:complexType>
        </xs:element>
        <xs:element name="RetShortResponse">
          <xs:complexType>
            <xs:sequence>
              <xs:element minOccurs="0" name="RetShortResult" type="xs:short"/>
            </xs:sequence>
          </xs:complexType>
        </xs:element>
        <xs:element name="RetLong">
          <xs:complexType>
            <xs:sequence>
              <xs:element minOccurs="0" name="inLong" type="xs:long"/>
            </xs:sequence>
          </xs:complexType>
        </xs:element>
        <xs:element name="RetLongResponse">
          <xs:complexType>
            <xs:sequence>
              <xs:element minOccurs="0" name="RetLongResult" type="xs:long"/>
            </xs:sequence>
          </xs:complexType>
        </xs:element>
        <xs:element name="RetObject">
          <xs:complexType>
            <xs:sequence>
              <xs:element minOccurs="0" name="inObject" nillable="true" type="xs:anyType"/>
            </xs:sequence>
          </xs:complexType>
        </xs:element>
        <xs:element name="RetObjectResponse">
          <xs:complexType>
            <xs:sequence>
              <xs:element minOccurs="0" name="RetObjectResult" nillable="true" type="xs:anyType"/>
            </xs:sequence>
          </xs:complexType>
        </xs:element>
        <xs:element name="RetUInt">
          <xs:complexType>
            <xs:sequence>
              <xs:element minOccurs="0" name="inUInt" type="xs:unsignedInt"/>
            </xs:sequence>
          </xs:complexType>
        </xs:element>
        <xs:element name="RetUIntResponse">
          <xs:complexType>
            <xs:sequence>
              <xs:element minOccurs="0" name="RetUIntResult" type="xs:unsignedInt"/>
            </xs:sequence>
          </xs:complexType>
        </xs:element>
        <xs:element name="RetUShort">
          <xs:complexType>
            <xs:sequence>
              <xs:element minOccurs="0" name="inUShort" type="xs:unsignedShort"/>
            </xs:sequence>
          </xs:complexType>
        </xs:element>
        <xs:element name="RetUShortResponse">
          <xs:complexType>
            <xs:sequence>
              <xs:element minOccurs="0" name="RetUShortResult" type="xs:unsignedShort"/>
            </xs:sequence>
          </xs:complexType>
        </xs:element>
        <xs:element name="RetULong">
          <xs:complexType>
            <xs:sequence>
              <xs:element minOccurs="0" name="inULong" type="xs:unsignedLong"/>
            </xs:sequence>
          </xs:complexType>
        </xs:element>
        <xs:element name="RetULongResponse">
          <xs:complexType>
            <xs:sequence>
              <xs:element minOccurs="0" name="RetULongResult" type="xs:unsignedLong"/>
            </xs:sequence>
          </xs:complexType>
        </xs:element>
        <xs:element name="RetString">
          <xs:complexType>
            <xs:sequence>
              <xs:element minOccurs="0" name="inString" nillable="true" type="xs:string"/>
            </xs:sequence>
          </xs:complexType>
        </xs:element>
        <xs:element name="RetStringResponse">
          <xs:complexType>
            <xs:sequence>
              <xs:element minOccurs="0" name="RetStringResult" nillable="true" type="xs:string"/>
            </xs:sequence>
          </xs:complexType>
        </xs:element>
        <xs:element name="RetUri">
          <xs:complexType>
            <xs:sequence>
              <xs:element minOccurs="0" name="inUri" nillable="true" type="xs:anyURI"/>
            </xs:sequence>
          </xs:complexType>
        </xs:element>
        <xs:element name="RetUriResponse">
          <xs:complexType>
            <xs:sequence>
              <xs:element minOccurs="0" name="RetUriResult" nillable="true" type="xs:anyURI"/>
            </xs:sequence>
          </xs:complexType>
        </xs:element>
        <xs:element name="RetDateTime">
          <xs:complexType>
            <xs:sequence>
              <xs:element minOccurs="0" name="inDateTime" type="xs:dateTime"/>
            </xs:sequence>
          </xs:complexType>
        </xs:element>
        <xs:element name="RetDateTimeResponse">
          <xs:complexType>
            <xs:sequence>
              <xs:element minOccurs="0" name="RetDateTimeResult" type="xs:dateTime"/>
            </xs:sequence>
          </xs:complexType>
        </xs:element>
        <xs:element name="RetTimeSpan">
          <xs:complexType>
            <xs:sequence>
              <xs:element xmlns:q7="http://schemas.example.com/2003/10/Serialization/" minOccurs="0" name="inTimeSpan" type="q7:duration"/>
            </xs:sequence>
          </xs:complexType>
        </xs:element>
        <xs:element name="RetTimeSpanResponse">
          <xs:complexType>
            <xs:sequence>
              <xs:element xmlns:q8="http://schemas.example.com/2003/10/Serialization/" minOccurs="0" name="RetTimeSpanResult" type="q8:duration"/>
            </xs:sequence>
          </xs:complexType>
        </xs:element>
        <xs:element name="RetQName">
          <xs:complexType>
            <xs:sequence>
              <xs:element minOccurs="0" name="inQName" nillable="true" type="xs:QName"/>
            </xs:sequence>
          </xs:complexType>
        </xs:element>
        <xs:element name="RetQNameResponse">
          <xs:complexType>
            <xs:sequence>
              <xs:element minOccurs="0" name="RetQNameResult" nillable="true" type="xs:QName"/>
            </xs:sequence>
          </xs:complexType>
        </xs:element>
      </xs:schema>
    </wsil:descriptionFile>
    <wsil:descriptionFile xmlVersion="1.0" validXml="true" filename="BaseDataTypesDocLitW0.xsd">
      <xs:schema xmlns:xs="http://www.w3.org/2001/XMLSchema" xmlns:tns="http://schemas.example.com/2003/10/Serialization/" attributeFormDefault="qualified" elementFormDefault="qualified" targetNamespace="http://schemas.example.com/2003/10/Serialization/">
        <xs:element name="anyType" nillable="true" type="xs:anyType"/>
        <xs:element name="anyURI" nillable="true" type="xs:anyURI"/>
        <xs:element name="base64Binary" nillable="true" type="xs:base64Binary"/>
        <xs:element name="boolean" nillable="true" type="xs:boolean"/>
        <xs:element name="byte" nillable="true" type="xs:byte"/>
        <xs:element name="dateTime" nillable="true" type="xs:dateTime"/>
        <xs:element name="decimal" nillable="true" type="xs:decimal"/>
        <xs:element name="double" nillable="true" type="xs:double"/>
        <xs:element name="float" nillable="true" type="xs:float"/>
        <xs:element name="int" nillable="true" type="xs:int"/>
        <xs:element name="long" nillable="true" type="xs:long"/>
        <xs:element name="QName" nillable="true" type="xs:QName"/>
        <xs:element name="short" nillable="true" type="xs:short"/>
        <xs:element name="string" nillable="true" type="xs:string"/>
        <xs:element name="unsignedByte" nillable="true" type="xs:unsignedByte"/>
        <xs:element name="unsignedInt" nillable="true" type="xs:unsignedInt"/>
        <xs:element name="unsignedLong" nillable="true" type="xs:unsignedLong"/>
        <xs:element name="unsignedShort" nillable="true" type="xs:unsignedShort"/>
        <xs:element name="duration" nillable="true" type="tns:duration"/>
        <xs:simpleType name="duration">
          <xs:restriction base="xs:duration">
            <xs:pattern value="\-?P(\d*D)?(T(\d*H)?(\d*M)?(\d*(\.\d*)?S)?)?"/>
            <xs:minInclusive value="-P10675199DT2H48M5.4775808S"/>
            <xs:maxInclusive value="P10675199DT2H48M5.4775807S"/>
          </xs:restriction>
        </xs:simpleType>
        <xs:attribute name="FactoryType" type="xs:QName"/>
        <xs:attribute name="Id" type="xs:ID"/>
        <xs:attribute name="Ref" type="xs:IDREF"/>
      </xs:schema>
    </wsil:descriptionFile>
  </wsil:descriptionFiles>
</wsil:testLog>
