<root>
<!--  Scenario 1: Base scenario for Scenarios 1, 2, and 3.
      Request call to MessageService. Request includes a Header Element in the clear.
    **************************************************************************************************


	POST /MessageService/MessageService HTTP/1.1
	Host: 127.0.0.1:9088
	Accept: application/soap+xml,multipart/related,text/*
	User-Agent: IBM WebServices/1.0
	Cache-Control: no-cache
	Pragma: no-cache
	SOAPAction: "http://www.example.org/getMessage/getMessageOperation"
	Connection: Keep-Alive
	Content-Type: text/xml; charset=UTF-8
	Content-Length: 507
	Date: Fri, 07 Mar 2008 03:24:21 GMT
-->

<?xml version="1.0" encoding="UTF-8"?>
<soapenv:Envelope
	xmlns:soapenv="http://schemas.xmlsoap.org/soap/envelope/">
	<soapenv:Header>
		<ns2:msgHeaderElement
			xmlns:ns2="http://www.example.org/getMessage/">
			<msgHeaderInput>Header of Request</msgHeaderInput>
		</ns2:msgHeaderElement>
	</soapenv:Header>
	<soapenv:Body>
		<ns2:getMessageOperationElementReq
			xmlns:ns2="http://www.example.org/getMessage/">
			<getMessageOutput>BODY OF Request</getMessageOutput>
		</ns2:getMessageOperationElementReq>
	</soapenv:Body>
</soapenv:Envelope>



<!--  


 Scenario 1: Base scenario for Scenarios 1, 2, and 3.
   Response of MessageService call.
    **************************************************************************************************

	HTTP/1.1 200 OK
	Content-Type: text/xml; charset=UTF-8
	Content-Language: en-US
	Content-Length: 387
	Date: Fri, 07 Mar 2008 03:24:20 GMT
	Server: WebSphere Application Server/6.1
-->

<?xml version="1.0" encoding="UTF-8"?>
<soapenv:Envelope
	xmlns:soapenv="http://schemas.xmlsoap.org/soap/envelope/">
	<soapenv:Body>
		<ns2:getMessageOperationElementResp
			xmlns:ns2="http://www.example.org/getMessage/">
			<getMessageInput>
				Service &gt;&gt; Header: Header of Request and Body:
				Header of Request
			</getMessageInput>
		</ns2:getMessageOperationElementResp>
	</soapenv:Body>
</soapenv:Envelope>
</root>