<root>
<!--                     ********************************************************		
	Scenario 4 (optional): Signature Confirmation. 
		Request includes an Encrypted Signature. The request signs Timestamp, 
		Body. Encrypts Body and entire Signature. Uses Signature encryption.
		**************************************************************************************************-->
<s:Envelope xmlns:s="http://schemas.xmlsoap.org/soap/envelope/" xmlns:u="http://docs.oasis-open.org/wss/2004/01/oasis-200401-wss-wssecurity-utility-1.0.xsd">
  <s:Header>
    <h:msgHeaderElement xmlns:h="http://www.example.org/getMessage/" xmlns:xsi="http://www.w3.org/2001/XMLSchema-instance" xmlns:xsd="http://www.w3.org/2001/XMLSchema">
      <msgHeaderInput xmlns="">A request header string '1787947221'</msgHeaderInput>
    </h:msgHeaderElement>
    <ActivityId CorrelationId="4834058f-1dd8-451b-bc25-94ae7632d75d" xmlns="http://schemas.microsoft.com/2004/09/ServiceModel/Diagnostics">ba7a9547-8085-4fe9-995b-459273e5dd0a</ActivityId>
    <o:Security s:mustUnderstand="1" xmlns:o="http://docs.oasis-open.org/wss/2004/01/oasis-200401-wss-wssecurity-secext-1.0.xsd">
      <u:Timestamp u:Id="uuid-190b9b3a-0bbe-4d25-878b-892873a64ff9-10">
        <u:Created>2009-06-26T00:47:31.521Z</u:Created>
        <u:Expires>2009-06-26T00:52:31.521Z</u:Expires>
      </u:Timestamp>
      <o:BinarySecurityToken>
        <!-- Removed-->
      </o:BinarySecurityToken>
      <e:EncryptedKey Id="_0" xmlns:e="http://www.w3.org/2001/04/xmlenc#">
        <e:EncryptionMethod Algorithm="http://www.w3.org/2001/04/xmlenc#rsa-1_5"></e:EncryptionMethod>
        <KeyInfo xmlns="http://www.w3.org/2000/09/xmldsig#">
          <o:SecurityTokenReference>
            <o:KeyIdentifier ValueType="http://docs.oasis-open.org/wss/2004/01/oasis-200401-wss-x509-token-profile-1.0#X509SubjectKeyIdentifier" EncodingType="http://docs.oasis-open.org/wss/2004/01/oasis-200401-wss-soap-message-security-1.0#Base64Binary">e3PQ5RxqF7scgTwXw/AwvrQ3fdQ=</o:KeyIdentifier>
          </o:SecurityTokenReference>
        </KeyInfo>
        <e:CipherData>
          <e:CipherValue>DUyu.../354=</e:CipherValue>
        </e:CipherData>
        <e:ReferenceList>
          <e:DataReference URI="#_2"></e:DataReference>
          <e:DataReference URI="#_3"></e:DataReference>
        </e:ReferenceList>
      </e:EncryptedKey>
      <e:EncryptedData Id="_3" Type="http://www.w3.org/2001/04/xmlenc#Element" xmlns:e="http://www.w3.org/2001/04/xmlenc#">
        <e:EncryptionMethod Algorithm="http://www.w3.org/2001/04/xmlenc#aes128-cbc"></e:EncryptionMethod>
        <e:CipherData>
          <e:CipherValue>5WMl...SyXc=</e:CipherValue>
        </e:CipherData>
      </e:EncryptedData>
    </o:Security>
    <To s:mustUnderstand="1" xmlns="http://schemas.microsoft.com/ws/2005/05/addressing/none">http://131.107.153.201/Security_BSP11_Service_WCF/Scenario2.svc/EncryptSignature</To>
    <Action s:mustUnderstand="1" xmlns="http://schemas.microsoft.com/ws/2005/05/addressing/none">http://www.example.org/getMessage/getMessageOperation</Action>
  </s:Header>
  <s:Body u:Id="_1" xmlns:xsi="http://www.w3.org/2001/XMLSchema-instance" xmlns:xsd="http://www.w3.org/2001/XMLSchema">
    <e:EncryptedData Id="_2" Type="http://www.w3.org/2001/04/xmlenc#Content" xmlns:e="http://www.w3.org/2001/04/xmlenc#">
      <e:EncryptionMethod Algorithm="http://www.w3.org/2001/04/xmlenc#aes128-cbc"></e:EncryptionMethod>
      <e:CipherData>
        <e:CipherValue>RW0t...Qg4A==</e:CipherValue>
      </e:CipherData>
    </e:EncryptedData>
  </s:Body>
</s:Envelope>

<!-- 
                    ********************************************************		
	Scenario 4 (optional): Signature Confirmation. 
		Response includes an Encrypted Signature. The response also Signs Timestamp and
		Body. Encrypts Body and entire Signature. Uses Signature encryption.
		************************************************************************************************** -->
<s:Envelope xmlns:s="http://schemas.xmlsoap.org/soap/envelope/" xmlns:u="http://docs.oasis-open.org/wss/2004/01/oasis-200401-wss-wssecurity-utility-1.0.xsd">
  <s:Header>
    <ActivityId CorrelationId="9007b11a-5bec-45c1-bbab-6111e242a570" xmlns="http://schemas.microsoft.com/2004/09/ServiceModel/Diagnostics">ba7a9547-8085-4fe9-995b-459273e5dd0a</ActivityId>
    <o:Security s:mustUnderstand="1" xmlns:o="http://docs.oasis-open.org/wss/2004/01/oasis-200401-wss-wssecurity-secext-1.0.xsd">
      <u:Timestamp u:Id="uuid-10a4e673-22f3-4575-aa6e-7188da8e52fc-17">
        <u:Created>2009-06-26T00:47:31.551Z</u:Created>
        <u:Expires>2009-06-26T00:52:31.551Z</u:Expires>
      </u:Timestamp>
      <o:BinarySecurityToken>
        <!-- Removed-->
      </o:BinarySecurityToken>
      <e:EncryptedKey Id="_1" xmlns:e="http://www.w3.org/2001/04/xmlenc#">
        <e:EncryptionMethod Algorithm="http://www.w3.org/2001/04/xmlenc#rsa-1_5"></e:EncryptionMethod>
        <KeyInfo xmlns="http://www.w3.org/2000/09/xmldsig#">
          <o:SecurityTokenReference>
            <o:KeyIdentifier ValueType="http://docs.oasis-open.org/wss/2004/01/oasis-200401-wss-x509-token-profile-1.0#X509SubjectKeyIdentifier" EncodingType="http://docs.oasis-open.org/wss/2004/01/oasis-200401-wss-soap-message-security-1.0#Base64Binary">5g/R2lazG391d8Mugsmn7beQceg=</o:KeyIdentifier>
          </o:SecurityTokenReference>
        </KeyInfo>
        <e:CipherData>
          <e:CipherValue>sSZ/...H3a4=</e:CipherValue>
        </e:CipherData>
        <e:ReferenceList>
          <e:DataReference URI="#_3"></e:DataReference>
          <e:DataReference URI="#_4"></e:DataReference>
          <e:DataReference URI="#_5"></e:DataReference>
        </e:ReferenceList>
      </e:EncryptedKey>
      <e:EncryptedData Id="_5" Type="http://www.w3.org/2001/04/xmlenc#Element" xmlns:e="http://www.w3.org/2001/04/xmlenc#">
        <e:EncryptionMethod Algorithm="http://www.w3.org/2001/04/xmlenc#aes128-cbc"></e:EncryptionMethod>
        <e:CipherData>
          <e:CipherValue>xfUw...4TYE=</e:CipherValue>
        </e:CipherData>
      </e:EncryptedData>
      <e:EncryptedData Id="_4" Type="http://www.w3.org/2001/04/xmlenc#Element" xmlns:e="http://www.w3.org/2001/04/xmlenc#">
        <e:EncryptionMethod Algorithm="http://www.w3.org/2001/04/xmlenc#aes128-cbc"></e:EncryptionMethod>
        <e:CipherData>
          <e:CipherValue>8khc...aBKg=</e:CipherValue>
        </e:CipherData>
      </e:EncryptedData>
    </o:Security>
  </s:Header>
  <s:Body u:Id="_2" xmlns:xsi="http://www.w3.org/2001/XMLSchema-instance" xmlns:xsd="http://www.w3.org/2001/XMLSchema">
    <e:EncryptedData Id="_3" Type="http://www.w3.org/2001/04/xmlenc#Content" xmlns:e="http://www.w3.org/2001/04/xmlenc#">
      <e:EncryptionMethod Algorithm="http://www.w3.org/2001/04/xmlenc#aes128-cbc"></e:EncryptionMethod>
      <e:CipherData>
        <e:CipherValue>Oq1z...zm8A</e:CipherValue>
      </e:CipherData>
    </e:EncryptedData>
  </s:Body>
</s:Envelope>
</root>